F1-Macro,F1-Macro_std,F1-Micro,F1-Micro_std,F1-Weighted,F1-Weighted_std,Dataset,method
0.8704907856874922,0.09778145449833404,0.9990755347976101,0.0006527772813671951,0.9987031241124009,0.00093824861690608,Books_DBpedia,Ridle
0.8198054710886764,0.18882908369760196,0.9992102062923868,0.0007463700782830237,0.9989065504042516,0.0010447989876661242,ChemicalCompounds_DBpedia,Ridle
0.7555955088596487,0.07126454462451975,0.9919358432981458,0.0012923898671231568,0.9898816596776859,0.0016661671799044697,Company_DBpedia,Ridle
0.7855791813594466,0.06357682399972378,0.9950739367796606,0.0004576464244960541,0.993531610898383,0.0006273166905055302,dblp,Ridle
0.8613735208657,0.01923324661319589,0.9750055737632233,0.00135246883165789,0.9726508830121018,0.001698666628935961,DBp_2016-04,Ridle
0.7680410945609666,0.027581444445198652,0.9581078863711475,0.0018969311207505557,0.9552074984343969,0.0021751504027582953,Person_DBpedia,Ridle
0.8458726006890751,0.10348008453630085,0.9852138138330598,0.003147038304467015,0.9819547823854025,0.003705389793634337,Songs_DBpedia,Ridle
0.7986058889959146,0.046096988466485654,0.8110466654876124,0.07282030011029145,0.7790030916317001,0.08048951826424372,umls,Ridle
0.7579265533490346,0.16463315198889572,0.9979291238321064,0.0014465748454480128,0.9970776206280473,0.002006083427811256,Universities_DBpedia,Ridle
